{"cameraMode":{"drawMode":0,"name":"Shaded","section":"Shading Mode"},"sceneLighting":false,"audioPlay":false,"sceneViewState":{"m_AlwaysRefresh":false,"showFog":true,"showSkybox":false,"showFlares":true,"showImageEffects":true,"showParticleSystems":true,"showVisualEffectGraphs":true,"m_FxEnabled":true},"in2DMode":false,"pivot":{"x":41.77000045776367,"y":96.54999542236328,"z":-47.369998931884769},"rotation":{"x":0.01130364928394556,"y":-0.09055440127849579,"z":0.0015499016735702754,"w":0.9959480166435242},"size":0.17320244014263154,"orthographic":true}