{"cameraMode":{"drawMode":0,"name":"Shaded","section":"Shading Mode"},"sceneLighting":true,"audioPlay":false,"sceneViewState":{"m_AlwaysRefresh":false,"showFog":true,"showSkybox":true,"showFlares":true,"showImageEffects":true,"showParticleSystems":true,"showVisualEffectGraphs":true,"m_FxEnabled":true},"in2DMode":false,"pivot":{"x":43.86000061035156,"y":94.54000091552735,"z":-59.900001525878909},"rotation":{"x":-0.033049605786800387,"y":0.9262852668762207,"z":-0.08940232545137406,"w":-0.3656836152076721},"size":15.642226219177246,"orthographic":true}