{"cameraMode":{"drawMode":0,"name":"Shaded","section":"Shading Mode"},"sceneLighting":true,"audioPlay":false,"sceneViewState":{"m_AlwaysRefresh":false,"showFog":true,"showSkybox":true,"showFlares":true,"showImageEffects":true,"showParticleSystems":true,"showVisualEffectGraphs":true,"m_FxEnabled":true},"in2DMode":false,"pivot":{"x":12.618974685668946,"y":111.63017272949219,"z":-11.627209663391114},"rotation":{"x":0.12125802785158158,"y":-0.5772971510887146,"z":0.08892978727817536,"w":0.8029128909111023},"size":155.64051818847657,"orthographic":true}